{"cameraMode":{"drawMode":0,"name":"Shaded","section":"Shading Mode"},"sceneLighting":false,"audioPlay":false,"sceneViewState":{"showFog":false,"showMaterialUpdate":false,"showSkybox":false,"showFlares":false,"showImageEffects":false,"showParticleSystems":false},"in2DMode":false,"pivot":{"x":0.04567462205886841,"y":1.6526989936828614,"z":1.6942923069000245},"rotation":{"x":0.061092209070920947,"y":-0.04430493712425232,"z":-0.00271475687623024,"w":-0.9971446990966797},"size":7.958856105804443,"orthographic":false}