{"cameraMode":{"drawMode":0,"name":"Shaded","section":"Shading Mode"},"sceneLighting":false,"audioPlay":false,"sceneViewState":{"showFog":true,"showMaterialUpdate":true,"showSkybox":false,"showFlares":true,"showImageEffects":true,"showParticleSystems":true},"in2DMode":false,"pivot":{"x":0.13566440343856812,"y":0.31016775965690615,"z":0.08483082056045532},"rotation":{"x":0.058042604476213458,"y":-0.9002588391304016,"z":0.1266912966966629,"w":0.41244933009147646},"size":1.063042163848877,"orthographic":false}