{"cameraMode":{"drawMode":0,"name":"Shaded","section":"Shading Mode"},"sceneLighting":false,"audioPlay":false,"sceneViewState":{"showFog":true,"showMaterialUpdate":true,"showSkybox":false,"showFlares":true,"showImageEffects":true,"showParticleSystems":true},"in2DMode":false,"pivot":{"x":-6.474206924438477,"y":0.8607363700866699,"z":-3.5118558406829836},"rotation":{"x":-0.05549510195851326,"y":-0.8951206207275391,"z":0.11639662086963654,"w":-0.42676830291748049},"size":10.032262802124024,"orthographic":false}