{"cameraMode":{"drawMode":0,"name":"Shaded","section":"Shading Mode"},"sceneLighting":false,"audioPlay":false,"sceneViewState":{"showFog":true,"showMaterialUpdate":true,"showSkybox":false,"showFlares":true,"showImageEffects":true,"showParticleSystems":true},"in2DMode":false,"pivot":{"x":4.389376163482666,"y":4.7342729568481449,"z":-15.085445404052735},"rotation":{"x":0.10051382333040238,"y":0.04953738674521446,"z":-0.005010333843529224,"w":0.9936890602111816},"size":17.641263961791993,"orthographic":false}