{"cameraMode":{"drawMode":0,"name":"Shaded","section":"Shading Mode"},"sceneLighting":false,"audioPlay":false,"sceneViewState":{"showFog":true,"showMaterialUpdate":true,"showSkybox":false,"showFlares":true,"showImageEffects":true,"showParticleSystems":true},"in2DMode":false,"pivot":{"x":0.11005628108978272,"y":0.2792864143848419,"z":0.5035111308097839},"rotation":{"x":0.029131222516298295,"y":-0.9636415243148804,"z":0.11796488612890244,"w":0.2379719614982605},"size":1.2382538318634034,"orthographic":false}