{"cameraMode":{"drawMode":0,"name":"Shaded","section":"Shading Mode"},"sceneLighting":false,"audioPlay":false,"sceneViewState":{"showFog":true,"showMaterialUpdate":true,"showSkybox":false,"showFlares":true,"showImageEffects":true,"showParticleSystems":true},"in2DMode":false,"pivot":{"x":1.9091944694519044,"y":0.5350712537765503,"z":2.051262378692627},"rotation":{"x":-0.05880509316921234,"y":0.5269206166267395,"z":-0.036579430103302,"w":-0.8470883369445801},"size":4.158192157745361,"orthographic":false}