{"cameraMode":{"drawMode":0,"name":"Shaded","section":"Shading Mode"},"sceneLighting":false,"audioPlay":false,"sceneViewState":{"showFog":true,"showMaterialUpdate":true,"showSkybox":false,"showFlares":true,"showImageEffects":true,"showParticleSystems":true},"in2DMode":false,"pivot":{"x":-15.177343368530274,"y":4.744108200073242,"z":-3.8864171504974367},"rotation":{"x":-0.16847574710845948,"y":-0.5917841196060181,"z":0.12818272411823274,"w":-0.7778025269508362},"size":59.096649169921878,"orthographic":false}