{"cameraMode":{"drawMode":0,"name":"Shaded","section":"Shading Mode"},"sceneLighting":false,"audioPlay":false,"sceneViewState":{"showFog":true,"showMaterialUpdate":true,"showSkybox":false,"showFlares":true,"showImageEffects":true,"showParticleSystems":true},"in2DMode":false,"pivot":{"x":-0.5808967351913452,"y":1.5,"z":-0.5799887180328369},"rotation":{"x":-0.04532128944993019,"y":-0.951683759689331,"z":0.24991993606090547,"w":-0.17258068919181825},"size":1.9679685831069947,"orthographic":false}